"city","projects","opportunities","nhc","companies","offices","carsRaw","carsReviewRequired","selfbuild","selfbuildReviewRequired","selectionMode"
"أبها","3","4","0","4","26","48","1","0","0","فرع"
"أبو عريش","1","0","0","0","17","33","0","0","0","فرع"
"أحد المسارحة","0","0","0","0","8","31","0","0","0","فرع"
"أحد رفيدة","0","2","0","1","0","0","0","0","0","مدينة بلا فرع"
"الهفوف","13","10","1","2","29","24","0","0","0","فرع"
"الارطاوية","0","0","0","0","5","2","0","0","0","فرع"
"ليلى","0","0","0","0","8","2","0","0","0","فرع"
"الباحة","5","0","0","0","43","9","0","0","0","فرع"
"البكيرية","0","0","0","0","20","2","0","0","0","فرع"
"الثقبة","0","0","0","0","11","9","0","0","0","فرع"
"الجبيل","6","0","0","0","25","12","0","0","0","فرع"
"الخبر","44","14","1","7","25","11","1","0","0","فرع"
"الخرج","2","0","0","0","25","17","2","0","0","فرع"
"الخفجي","0","0","0","0","23","10","0","0","0","فرع"
"الدلم","0","0","0","0","25","15","0","0","0","فرع"
"الدمام","45","12","2","8","30","27","0","0","0","فرع"
"الدوادمي","0","0","0","0","22","8","0","0","0","فرع"
"الرس","1","0","0","1","20","24","0","0","0","فرع"
"الرقعي","0","0","0","0","0","0","0","0","0","فرع"
"الرياض","263","242","5","34","69","53","0","0","0","فرع"
"الدرعية","0","0","0","0","0","0","0","0","0","فرع"
"الزلفي","0","0","0","0","24","7","0","0","0","فرع"
"السليل","0","0","0","0","14","4","0","0","0","فرع"
"الطائف","4","3","1","10","38","25","0","3","0","فرع"
"الظهران","1","0","0","0","25","9","0","0","0","فرع"
"العلا","0","0","0","0","16","2","0","0","0","فرع"
"الغاط","0","0","0","0","7","2","0","0","0","فرع"
"القريات","0","0","0","0","25","25","0","0","0","فرع"
"بريدة","3","10","0","12","27","47","0","0","0","فرع"
"بقعاء","0","1","0","0","0","0","0","0","0","مدينة بلا فرع"
"القطيف","18","0","0","0","25","9","0","0","0","فرع"
"القنفذة","0","0","0","0","25","3","0","0","0","فرع"
"القويعية","0","0","0","0","23","5","0","0","0","فرع"
"المجمعة","0","0","0","0","25","4","0","0","0","فرع"
"المدينة المنورة","45","35","3","20","30","25","1","0","0","فرع"
"المذنب","0","0","0","0","21","3","0","0","0","فرع"
"المزاحمية","0","0","0","0","25","8","0","0","0","فرع"
"النعيرية","0","0","0","0","25","4","0","0","0","فرع"
"النماص","0","0","0","0","6","2","0","0","0","فرع"
"أم الحمام","0","0","0","0","2","0","0","0","0","فرع"
"أملج","0","0","0","0","8","4","0","0","0","فرع"
"بدر","0","0","0","0","10","2","0","0","0","فرع"
"بقيق","0","0","0","0","20","1","0","0","0","فرع"
"بلجرشي","0","0","0","0","16","6","0","0","0","فرع"
"بيشة","0","0","0","0","25","9","3","0","0","فرع"
"تبوك","10","4","3","18","24","33","2","2","0","فرع"
"الوجه","0","0","0","0","4","4","0","0","0","فرع"
"تربة","0","0","0","0","14","2","0","0","0","فرع"
"جازان","24","0","0","0","26","37","0","0","0","فرع"
"جدة","99","34","8","13","37","27","0","0","0","فرع"
"حائل","0","1","0","4","25","28","2","4","3","فرع"
"حفر الباطن","0","0","0","0","24","25","0","0","0","فرع"
"حقل","0","0","0","0","12","3","0","0","0","فرع"
"حوطة سدير","0","0","0","0","8","1","0","0","0","فرع"
"خميس مشيط","5","5","1","4","20","47","1","0","0","فرع"
"خيبر","0","0","0","0","10","1","0","0","0","فرع"
"دومة الجندل","0","0","0","0","20","23","0","0","0","فرع"
"رابغ","0","0","0","0","24","2","0","0","0","فرع"
"رأس تنورة","0","0","0","0","16","9","0","0","0","فرع"
"رياض الخبراء","0","0","0","0","14","1","0","0","0","فرع"
"سبت العلاية","0","0","0","0","5","10","0","0","0","فرع"
"سكاكا","5","1","0","2","25","24","0","1","0","فرع"
"سيهات","3","0","0","0","14","9","0","0","0","فرع"
"شرورة","0","0","0","0","24","3","0","0","0","فرع"
"شقراء","0","0","0","0","22","2","0","0","0","فرع"
"صامطة","1","0","0","0","12","32","0","0","0","فرع"
"صبيا","1","0","0","0","25","31","0","0","0","فرع"
"صفوى","4","2","1","1","11","9","0","0","0","فرع"
"ضباء","0","0","0","0","12","2","0","0","0","فرع"
"ضرما","0","0","0","0","0","0","0","0","0","فرع"
"طريف","0","0","0","0","11","2","0","0","0","فرع"
"عرعر","1","0","0","1","27","12","1","0","0","فرع"
"عنيزة","0","1","1","0","20","45","0","0","0","فرع"
"قرية العليا","0","0","0","0","5","0","0","0","0","فرع"
"محايل عسير","0","0","0","0","15","5","0","0","0","فرع"
"مكة المكرمة","39","14","2","7","27","31","1","0","0","فرع"
"نجران","0","0","0","0","26","22","0","0","0","فرع"
"وادي الدواسر","0","0","0","0","21","6","0","0","0","فرع"
"ينبع","1","0","0","0","25","21","0","0","0","فرع"
"الروضة","0","0","0","0","0","1","0","0","0","معارض المدينة بلا فرع"
"ضرماء","0","0","0","0","0","1","0","0","0","معارض المدينة بلا فرع"
"بيش","0","0","0","0","0","3","0","0","0","معارض المدينة بلا فرع"
"الأفلاج","0","0","0","0","0","1","0","0","0","معارض المدينة بلا فرع"
